challenge_id,percentile,level,value,achieved_time,level_index,description,name,puuid
0,0.175,GOLD,4600.0,2026-03-11 22:53:59,4,,CRISTAL,uuhMlNBPDT3pLnQaGe2bXJ1CrxIuDxFD7dgcYKmdSnPL8sQ-TcgUDYLLjTLoZ94Lk6o-pu0ZtNRiUQ
1,0.09,PLATINUM,1675.0,2026-01-25 15:57:44,5,,IMAGINATION,uuhMlNBPDT3pLnQaGe2bXJ1CrxIuDxFD7dgcYKmdSnPL8sQ-TcgUDYLLjTLoZ94Lk6o-pu0ZtNRiUQ
2,0.286,SILVER,560.0,2026-03-11 22:53:59,3,,EXPERTISE,uuhMlNBPDT3pLnQaGe2bXJ1CrxIuDxFD7dgcYKmdSnPL8sQ-TcgUDYLLjTLoZ94Lk6o-pu0ZtNRiUQ
3,0.278,SILVER,530.0,2026-03-10 20:32:53,3,,VÉTÉRANCE,uuhMlNBPDT3pLnQaGe2bXJ1CrxIuDxFD7dgcYKmdSnPL8sQ-TcgUDYLLjTLoZ94Lk6o-pu0ZtNRiUQ
4,0.328,SILVER,1265.0,2026-01-19 23:00:30,3,,TRAVAIL D'ÉQUIPE,uuhMlNBPDT3pLnQaGe2bXJ1CrxIuDxFD7dgcYKmdSnPL8sQ-TcgUDYLLjTLoZ94Lk6o-pu0ZtNRiUQ
5,0.284,SILVER,570.0,2026-01-13 22:28:23,3,,COLLECTION,uuhMlNBPDT3pLnQaGe2bXJ1CrxIuDxFD7dgcYKmdSnPL8sQ-TcgUDYLLjTLoZ94Lk6o-pu0ZtNRiUQ
302100,0.363,SILVER,60.0,2026-01-24 17:38:04,3,Progressez dans les défis du groupe Stratégie.,Stratégie,uuhMlNBPDT3pLnQaGe2bXJ1CrxIuDxFD7dgcYKmdSnPL8sQ-TcgUDYLLjTLoZ94Lk6o-pu0ZtNRiUQ
302101,0.219,SILVER,7.0,2026-03-13 19:55:08,3,Participez à des éliminations de champions ennemis avant l'apparition des camps de la jungle (à 1:30).,Easy win,uuhMlNBPDT3pLnQaGe2bXJ1CrxIuDxFD7dgcYKmdSnPL8sQ-TcgUDYLLjTLoZ94Lk6o-pu0ZtNRiUQ
302102,0.35,IRON,2.0,2026-02-22 16:01:07,1,"En tant que jungler, éliminez des champions de n'importe quelle voie (voie du haut, milieu, bas ou support) avant la 10e minute.","Farmez les champions, pas les camps",uuhMlNBPDT3pLnQaGe2bXJ1CrxIuDxFD7dgcYKmdSnPL8sQ-TcgUDYLLjTLoZ94Lk6o-pu0ZtNRiUQ
302103,0.334,GOLD,1.0,2025-12-14 15:09:40,4,"En tant que champion sur une voie, réussissez en une seule partie des éliminations hors de votre voie dans les 10premières minutes de jeu (tuez n'importe qui sauf votre adversaire de voie).",Décalage,uuhMlNBPDT3pLnQaGe2bXJ1CrxIuDxFD7dgcYKmdSnPL8sQ-TcgUDYLLjTLoZ94Lk6o-pu0ZtNRiUQ
302106,0.281,SILVER,24.0,2026-02-13 23:52:13,3,Générez un avantage de 2500PO pendant la durée de votre enchantement du baron.,Baron rentable,uuhMlNBPDT3pLnQaGe2bXJ1CrxIuDxFD7dgcYKmdSnPL8sQ-TcgUDYLLjTLoZ94Lk6o-pu0ZtNRiUQ
203303,0.349,BRONZE,33.0,2026-03-14 21:30:59,2,Tuez des champions ennemis alors qu'ils sont à proximité de leurs tourelles.,Pas de quartier,uuhMlNBPDT3pLnQaGe2bXJ1CrxIuDxFD7dgcYKmdSnPL8sQ-TcgUDYLLjTLoZ94Lk6o-pu0ZtNRiUQ
203302,0.414,IRON,17.0,2026-02-22 16:01:07,1,Réussissez des éliminations en étant entouré par plus de champions ennemis qu'alliés.,Se rire du danger,uuhMlNBPDT3pLnQaGe2bXJ1CrxIuDxFD7dgcYKmdSnPL8sQ-TcgUDYLLjTLoZ94Lk6o-pu0ZtNRiUQ
203301,0.415,IRON,23.0,2026-02-02 21:08:52,1,Réussissez des éliminations en solo (sans l'assistance de champions alliés).,Solo bolo,uuhMlNBPDT3pLnQaGe2bXJ1CrxIuDxFD7dgcYKmdSnPL8sQ-TcgUDYLLjTLoZ94Lk6o-pu0ZtNRiUQ
203300,0.36,BRONZE,30.0,2026-03-14 22:06:35,2,Progressez dans les défis du groupe Assassinat.,Assassinat,uuhMlNBPDT3pLnQaGe2bXJ1CrxIuDxFD7dgcYKmdSnPL8sQ-TcgUDYLLjTLoZ94Lk6o-pu0ZtNRiUQ
301100,0.202,PLATINUM,275.0,2026-01-23 16:52:42,5,Progressez dans les défis du groupe Chasse aux monstres.,Chasse aux monstres,uuhMlNBPDT3pLnQaGe2bXJ1CrxIuDxFD7dgcYKmdSnPL8sQ-TcgUDYLLjTLoZ94Lk6o-pu0ZtNRiUQ
301101,1.0,NONE,1.0,,0,"Tuez des monstres épiques dans les 30secondes suivant leur apparition. Les monstres épiques incluent les dragons, le héraut de la Faille et le baron Nashor.",Timing épique,uuhMlNBPDT3pLnQaGe2bXJ1CrxIuDxFD7dgcYKmdSnPL8sQ-TcgUDYLLjTLoZ94Lk6o-pu0ZtNRiUQ
203305,0.32,IRON,1.0,2026-03-15 20:08:28,1,"Tuez en moins de 1.5seconde un champion qui avait tous ses PV, en étant la source d'au moins 90% des dégâts qu'il a subis.",Bye bye,uuhMlNBPDT3pLnQaGe2bXJ1CrxIuDxFD7dgcYKmdSnPL8sQ-TcgUDYLLjTLoZ94Lk6o-pu0ZtNRiUQ
301102,0.118,MASTER,28.0,2026-02-13 23:52:13,7,Votre équipe tue le baron Nashor avant la 27e minute de jeu.,Sus au Nashor!,uuhMlNBPDT3pLnQaGe2bXJ1CrxIuDxFD7dgcYKmdSnPL8sQ-TcgUDYLLjTLoZ94Lk6o-pu0ZtNRiUQ
203304,0.352,IRON,8.0,2026-01-17 17:35:27,1,Détruisez des tourelles des voies latérales en solo (vous devez infliger la majorité des dégâts) après 14minutes de jeu sans mourir.,Stratégie latérale,uuhMlNBPDT3pLnQaGe2bXJ1CrxIuDxFD7dgcYKmdSnPL8sQ-TcgUDYLLjTLoZ94Lk6o-pu0ZtNRiUQ
301103,0.025,MASTER,9.0,2026-01-23 16:26:43,7,Votre équipe tue des dragons ancestraux avant la 28e minute de jeu.,Chasse aux dragons,uuhMlNBPDT3pLnQaGe2bXJ1CrxIuDxFD7dgcYKmdSnPL8sQ-TcgUDYLLjTLoZ94Lk6o-pu0ZtNRiUQ
510005,0.357,IRON,2.0,2026-03-08 23:19:13,1,Collectionnez des skins mythiques.,Look rétro,uuhMlNBPDT3pLnQaGe2bXJ1CrxIuDxFD7dgcYKmdSnPL8sQ-TcgUDYLLjTLoZ94Lk6o-pu0ZtNRiUQ
510003,0.481,IRON,1.0,2026-01-22 18:50:02,1,Collectionnez plusieurs skins d'un seul champion.,Goutte-à-goutte,uuhMlNBPDT3pLnQaGe2bXJ1CrxIuDxFD7dgcYKmdSnPL8sQ-TcgUDYLLjTLoZ94Lk6o-pu0ZtNRiUQ
301105,0.262,SILVER,7.0,2026-03-13 21:33:56,3,Récupérez des âmes de dragon sans que l'équipe ennemie ne tue un seul dragon.,Domination draconique,uuhMlNBPDT3pLnQaGe2bXJ1CrxIuDxFD7dgcYKmdSnPL8sQ-TcgUDYLLjTLoZ94Lk6o-pu0ZtNRiUQ
510001,0.481,IRON,4.0,2026-01-22 18:50:02,1,Obtenez des skins de champion.,Défilé de mode,uuhMlNBPDT3pLnQaGe2bXJ1CrxIuDxFD7dgcYKmdSnPL8sQ-TcgUDYLLjTLoZ94Lk6o-pu0ZtNRiUQ
301107,0.184,DIAMOND,4.0,2026-01-23 16:26:43,6,Tuez deux dragons ancestraux dans une seule partie.,Pouvoir ancestral,uuhMlNBPDT3pLnQaGe2bXJ1CrxIuDxFD7dgcYKmdSnPL8sQ-TcgUDYLLjTLoZ94Lk6o-pu0ZtNRiUQ
510000,0.376,IRON,25.0,2026-03-08 23:19:13,1,Progressez dans les défis du groupe Connaisseur.,Connaisseur,uuhMlNBPDT3pLnQaGe2bXJ1CrxIuDxFD7dgcYKmdSnPL8sQ-TcgUDYLLjTLoZ94Lk6o-pu0ZtNRiUQ
202303,0.251,IRON,4.0,2026-01-17 17:16:24,1,Gagnez 1partie sans mourir avec différents champions.,Invincible,uuhMlNBPDT3pLnQaGe2bXJ1CrxIuDxFD7dgcYKmdSnPL8sQ-TcgUDYLLjTLoZ94Lk6o-pu0ZtNRiUQ
510010,0.384,IRON,2.0,2026-03-16 21:05:27,1,Collectionnez des skins épiques.,Tenue sophistiquée,uuhMlNBPDT3pLnQaGe2bXJ1CrxIuDxFD7dgcYKmdSnPL8sQ-TcgUDYLLjTLoZ94Lk6o-pu0ZtNRiUQ
510009,0.278,IRON,1.0,2026-01-22 18:50:02,1,Collectionnez des skins légendaires.,Garde-robe légendaire,uuhMlNBPDT3pLnQaGe2bXJ1CrxIuDxFD7dgcYKmdSnPL8sQ-TcgUDYLLjTLoZ94Lk6o-pu0ZtNRiUQ
202300,0.373,BRONZE,20.0,2025-12-15 23:15:57,2,Progressez dans les défis du groupe Perfection.,Perfection,uuhMlNBPDT3pLnQaGe2bXJ1CrxIuDxFD7dgcYKmdSnPL8sQ-TcgUDYLLjTLoZ94Lk6o-pu0ZtNRiUQ
402502,0.208,GOLD,2122.0,2026-03-14 19:42:50,4,Immobilisez des champions ennemis.,Personne ne bouge !,uuhMlNBPDT3pLnQaGe2bXJ1CrxIuDxFD7dgcYKmdSnPL8sQ-TcgUDYLLjTLoZ94Lk6o-pu0ZtNRiUQ
402503,0.272,SILVER,13925.0,2026-03-13 21:33:56,3,Utilisez des compétences.,Accro aux compétences,uuhMlNBPDT3pLnQaGe2bXJ1CrxIuDxFD7dgcYKmdSnPL8sQ-TcgUDYLLjTLoZ94Lk6o-pu0ZtNRiUQ
202305,0.253,SILVER,25.0,2026-01-23 16:26:43,3,Gagnez plus de 450PO par minute.,Crésus,uuhMlNBPDT3pLnQaGe2bXJ1CrxIuDxFD7dgcYKmdSnPL8sQ-TcgUDYLLjTLoZ94Lk6o-pu0ZtNRiUQ
402500,0.144,PLATINUM,80.0,2026-03-14 20:13:37,5,Progressez dans les défis du groupe Mystique.,Mystique,uuhMlNBPDT3pLnQaGe2bXJ1CrxIuDxFD7dgcYKmdSnPL8sQ-TcgUDYLLjTLoZ94Lk6o-pu0ZtNRiUQ
402501,0.068,PLATINUM,520229.0,2026-03-13 20:14:50,5,"Lancez des soins ou des boucliers utiles sur vos alliés. Les soins doivent leur redonner des PV, les boucliers doivent bloquer des dégâts.",Toubib,uuhMlNBPDT3pLnQaGe2bXJ1CrxIuDxFD7dgcYKmdSnPL8sQ-TcgUDYLLjTLoZ94Lk6o-pu0ZtNRiUQ
210003,0.275,SILVER,12.0,2026-03-11 19:42:15,3,Obtenez des notes S- ou mieux.,Performance admirable,uuhMlNBPDT3pLnQaGe2bXJ1CrxIuDxFD7dgcYKmdSnPL8sQ-TcgUDYLLjTLoZ94Lk6o-pu0ZtNRiUQ
210001,0.365,IRON,4.0,2025-12-19 17:45:44,1,Obtenez une note S+ avec différents champions.,Excellence,uuhMlNBPDT3pLnQaGe2bXJ1CrxIuDxFD7dgcYKmdSnPL8sQ-TcgUDYLLjTLoZ94Lk6o-pu0ZtNRiUQ
210000,0.3,BRONZE,35.0,2026-03-09 21:52:22,2,Progressez dans les défis du groupe Chef-d'œuvre.,Chef-d'œuvre,uuhMlNBPDT3pLnQaGe2bXJ1CrxIuDxFD7dgcYKmdSnPL8sQ-TcgUDYLLjTLoZ94Lk6o-pu0ZtNRiUQ
210005,0.317,IRON,5.0,2026-03-06 20:31:57,1,Obtenez un KDA supérieur à 3 dans la file classée en solo/duo.,Joueur de KDA,uuhMlNBPDT3pLnQaGe2bXJ1CrxIuDxFD7dgcYKmdSnPL8sQ-TcgUDYLLjTLoZ94Lk6o-pu0ZtNRiUQ
402000,0.311,SILVER,395.0,2026-02-12 22:22:13,3,"Progressez dans les défis des groupes Bourreau, Commando, Débrouillardise et Mystique.",Médaille d'honneur,uuhMlNBPDT3pLnQaGe2bXJ1CrxIuDxFD7dgcYKmdSnPL8sQ-TcgUDYLLjTLoZ94Lk6o-pu0ZtNRiUQ
210004,0.279,BRONZE,8.0,2026-03-09 21:16:26,2,Atteignez un rang dans la file classée en solo/duo. Vous devez finir vos parties de placement.,Placements,uuhMlNBPDT3pLnQaGe2bXJ1CrxIuDxFD7dgcYKmdSnPL8sQ-TcgUDYLLjTLoZ94Lk6o-pu0ZtNRiUQ
103000,0.462,BRONZE,95.0,2026-01-27 23:26:00,2,"Progressez dans les défis des groupes Style, Innovation et Stratège.",Intelligence et créativité,uuhMlNBPDT3pLnQaGe2bXJ1CrxIuDxFD7dgcYKmdSnPL8sQ-TcgUDYLLjTLoZ94Lk6o-pu0ZtNRiUQ
401000,0.217,BRONZE,110.0,2026-03-14 15:57:11,2,"Progressez dans les défis des groupes Gourou, Virtuose et Ace.",Sage,uuhMlNBPDT3pLnQaGe2bXJ1CrxIuDxFD7dgcYKmdSnPL8sQ-TcgUDYLLjTLoZ94Lk6o-pu0ZtNRiUQ
302200,0.216,SILVER,25.0,2026-01-23 16:22:53,3,Progressez dans les défis du groupe Démolition.,Démolition,uuhMlNBPDT3pLnQaGe2bXJ1CrxIuDxFD7dgcYKmdSnPL8sQ-TcgUDYLLjTLoZ94Lk6o-pu0ZtNRiUQ
302202,0.275,SILVER,19.0,2026-01-23 16:04:44,3,Détruisez des tourelles avant la chute des plaques de tourelle (14minutes).,Plaquage en règle,uuhMlNBPDT3pLnQaGe2bXJ1CrxIuDxFD7dgcYKmdSnPL8sQ-TcgUDYLLjTLoZ94Lk6o-pu0ZtNRiUQ
302203,0.117,BRONZE,4.0,2026-01-23 15:11:48,2,Détruisez la première tourelle en moins de 10minutes.,Dix minutes pour agir,uuhMlNBPDT3pLnQaGe2bXJ1CrxIuDxFD7dgcYKmdSnPL8sQ-TcgUDYLLjTLoZ94Lk6o-pu0ZtNRiUQ
101000,0.043,DIAMOND,1215.0,2026-02-27 20:57:09,6,"Progressez dans les défis des groupes Guerre d'ARAM, Finesse d'ARAM et Prodige d'ARAM.",Expertise d'ARAM,uuhMlNBPDT3pLnQaGe2bXJ1CrxIuDxFD7dgcYKmdSnPL8sQ-TcgUDYLLjTLoZ94Lk6o-pu0ZtNRiUQ
203402,1.0,NONE,2.0,,0,Tuez des monstres de la jungle à enchantement dans la jungle ennemie.,Invade,uuhMlNBPDT3pLnQaGe2bXJ1CrxIuDxFD7dgcYKmdSnPL8sQ-TcgUDYLLjTLoZ94Lk6o-pu0ZtNRiUQ
203401,0.377,IRON,3.0,2025-12-16 20:39:31,1,Participez à l'élimination du premier dragon dans les 8 premières minutes de jeu.,Mesure draconienne,uuhMlNBPDT3pLnQaGe2bXJ1CrxIuDxFD7dgcYKmdSnPL8sQ-TcgUDYLLjTLoZ94Lk6o-pu0ZtNRiUQ
203400,1.0,NONE,10.0,,0,Progressez dans les défis du groupe Prédateur.,Prédateur,uuhMlNBPDT3pLnQaGe2bXJ1CrxIuDxFD7dgcYKmdSnPL8sQ-TcgUDYLLjTLoZ94Lk6o-pu0ZtNRiUQ
203406,0.298,IRON,6.0,2026-02-13 22:56:46,1,"Tuez des monstres épiques tandis que le jungler ennemi est proche. Les monstres épiques incluent les dragons, le héraut de la Faille et le baron Nashor.",50/50,uuhMlNBPDT3pLnQaGe2bXJ1CrxIuDxFD7dgcYKmdSnPL8sQ-TcgUDYLLjTLoZ94Lk6o-pu0ZtNRiUQ
301204,0.296,PLATINUM,1.0,2026-03-06 22:11:38,5,Gagnez une partie malgré un coéquipier AFK.,Gagnable,uuhMlNBPDT3pLnQaGe2bXJ1CrxIuDxFD7dgcYKmdSnPL8sQ-TcgUDYLLjTLoZ94Lk6o-pu0ZtNRiUQ
301205,0.077,DIAMOND,13.0,2026-02-28 15:19:26,6,Tuez des dragons ancestraux alors que vos adversaires ont l'âme du dragon.,Pas de loyauté chez les dragons,uuhMlNBPDT3pLnQaGe2bXJ1CrxIuDxFD7dgcYKmdSnPL8sQ-TcgUDYLLjTLoZ94Lk6o-pu0ZtNRiUQ
301200,0.19,PLATINUM,190.0,2026-02-28 15:36:29,5,Progressez dans les défis du groupe Immuable.,Immuable,uuhMlNBPDT3pLnQaGe2bXJ1CrxIuDxFD7dgcYKmdSnPL8sQ-TcgUDYLLjTLoZ94Lk6o-pu0ZtNRiUQ
301201,0.222,PLATINUM,3.0,2026-01-27 21:42:59,5,Gagnez des parties en ayant votre Nexus exposé.,Situation délicate,uuhMlNBPDT3pLnQaGe2bXJ1CrxIuDxFD7dgcYKmdSnPL8sQ-TcgUDYLLjTLoZ94Lk6o-pu0ZtNRiUQ
301202,0.22,GOLD,11.0,2026-01-24 22:23:45,4,Gagnez des parties après avoir perdu un inhibiteur.,Sans inhibition,uuhMlNBPDT3pLnQaGe2bXJ1CrxIuDxFD7dgcYKmdSnPL8sQ-TcgUDYLLjTLoZ94Lk6o-pu0ZtNRiUQ
301203,0.199,GOLD,3.0,2026-03-13 22:57:51,4,Gagnez des parties après avoir eu un retard de 15éliminations.,Remontada,uuhMlNBPDT3pLnQaGe2bXJ1CrxIuDxFD7dgcYKmdSnPL8sQ-TcgUDYLLjTLoZ94Lk6o-pu0ZtNRiUQ
121001,0.001,DIAMOND,35.0,2025-12-23 19:42:35,6,Gagnez sans mourir des parties de Coop vs IA (Intermédiaire) avec au moins 20% de participation aux éliminations.,Rage contre la machine,uuhMlNBPDT3pLnQaGe2bXJ1CrxIuDxFD7dgcYKmdSnPL8sQ-TcgUDYLLjTLoZ94Lk6o-pu0ZtNRiUQ
505007,0.157,DIAMOND,32.0,2026-03-08 20:03:25,6,Obtenez des champions tanks.,Invulnérable,uuhMlNBPDT3pLnQaGe2bXJ1CrxIuDxFD7dgcYKmdSnPL8sQ-TcgUDYLLjTLoZ94Lk6o-pu0ZtNRiUQ
121000,0.002,GOLD,75.0,2025-12-23 20:04:32,4,Progressez dans les défis du groupe Glorieuse évolution.,Glorieuse évolution,uuhMlNBPDT3pLnQaGe2bXJ1CrxIuDxFD7dgcYKmdSnPL8sQ-TcgUDYLLjTLoZ94Lk6o-pu0ZtNRiUQ
505006,0.145,MASTER,34.0,2026-02-24 19:08:10,7,Obtenez des champions supports.,Supportable,uuhMlNBPDT3pLnQaGe2bXJ1CrxIuDxFD7dgcYKmdSnPL8sQ-TcgUDYLLjTLoZ94Lk6o-pu0ZtNRiUQ
505005,0.288,GOLD,14.0,2026-02-22 20:21:22,4,Obtenez des champions tireurs.,Ingénieux,uuhMlNBPDT3pLnQaGe2bXJ1CrxIuDxFD7dgcYKmdSnPL8sQ-TcgUDYLLjTLoZ94Lk6o-pu0ZtNRiUQ
121002,0.003,SILVER,9.0,2025-12-18 19:27:25,3,"En tant que jungler, tuez le jungler ennemi dans sa jungle avant la 10e min en Coop vs IA (Intermédiaire).",Erreur 410: Jungler manquant,uuhMlNBPDT3pLnQaGe2bXJ1CrxIuDxFD7dgcYKmdSnPL8sQ-TcgUDYLLjTLoZ94Lk6o-pu0ZtNRiUQ
505004,0.157,DIAMOND,48.0,2026-03-11 19:34:37,6,Obtenez des champions mages.,Incandescent,uuhMlNBPDT3pLnQaGe2bXJ1CrxIuDxFD7dgcYKmdSnPL8sQ-TcgUDYLLjTLoZ94Lk6o-pu0ZtNRiUQ
505003,0.204,PLATINUM,33.0,2026-03-08 20:03:25,5,Obtenez des champions combattants.,Indomptable,uuhMlNBPDT3pLnQaGe2bXJ1CrxIuDxFD7dgcYKmdSnPL8sQ-TcgUDYLLjTLoZ94Lk6o-pu0ZtNRiUQ
505002,0.254,GOLD,21.0,2026-02-24 19:08:22,4,Obtenez des champions assassins.,Invisible,uuhMlNBPDT3pLnQaGe2bXJ1CrxIuDxFD7dgcYKmdSnPL8sQ-TcgUDYLLjTLoZ94Lk6o-pu0ZtNRiUQ
505001,0.159,PLATINUM,100.0,2026-03-18 22:25:41,5,Obtenez des champions.,Attrapez-les tous,uuhMlNBPDT3pLnQaGe2bXJ1CrxIuDxFD7dgcYKmdSnPL8sQ-TcgUDYLLjTLoZ94Lk6o-pu0ZtNRiUQ
505000,0.157,DIAMOND,350.0,2026-03-18 22:25:41,6,Progressez dans les défis du groupe Champion.,Champion,uuhMlNBPDT3pLnQaGe2bXJ1CrxIuDxFD7dgcYKmdSnPL8sQ-TcgUDYLLjTLoZ94Lk6o-pu0ZtNRiUQ
402102,0.265,SILVER,93.0,2026-03-08 21:27:05,3,"Jouez des parties dans la Faille de l'invocateur. Les modes Partie rapide, Draft et Classé comptent.",Faille pour la vie,uuhMlNBPDT3pLnQaGe2bXJ1CrxIuDxFD7dgcYKmdSnPL8sQ-TcgUDYLLjTLoZ94Lk6o-pu0ZtNRiUQ
402100,0.333,SILVER,60.0,2026-03-14 22:06:35,3,Progressez dans les défis du groupe Bourreau.,Bourreau,uuhMlNBPDT3pLnQaGe2bXJ1CrxIuDxFD7dgcYKmdSnPL8sQ-TcgUDYLLjTLoZ94Lk6o-pu0ZtNRiUQ
402101,0.305,IRON,14.0,2026-02-02 21:08:52,1,Gagnez des parties dans la file classée en solo/duo ou classée flexible.,Allez plus haut,uuhMlNBPDT3pLnQaGe2bXJ1CrxIuDxFD7dgcYKmdSnPL8sQ-TcgUDYLLjTLoZ94Lk6o-pu0ZtNRiUQ
402108,0.248,SILVER,1054.0,2026-02-12 21:46:22,3,Réussissez des assistances.,Assistance standardisée,uuhMlNBPDT3pLnQaGe2bXJ1CrxIuDxFD7dgcYKmdSnPL8sQ-TcgUDYLLjTLoZ94Lk6o-pu0ZtNRiUQ
402109,0.435,IRON,1.0,2026-03-13 19:55:08,1,Versez le premier sang.,Sanguinaire,uuhMlNBPDT3pLnQaGe2bXJ1CrxIuDxFD7dgcYKmdSnPL8sQ-TcgUDYLLjTLoZ94Lk6o-pu0ZtNRiUQ
103101,0.258,BRONZE,1.0,2026-03-09 21:16:26,2,Réussissez un Rappel sans vous faire repérer par un champion ennemi à proximité.,Juste sous leur nez,uuhMlNBPDT3pLnQaGe2bXJ1CrxIuDxFD7dgcYKmdSnPL8sQ-TcgUDYLLjTLoZ94Lk6o-pu0ZtNRiUQ
103100,0.356,BRONZE,10.0,2026-03-09 21:52:22,2,Progressez dans les défis du groupe Style.,Style,uuhMlNBPDT3pLnQaGe2bXJ1CrxIuDxFD7dgcYKmdSnPL8sQ-TcgUDYLLjTLoZ94Lk6o-pu0ZtNRiUQ
402107,0.336,BRONZE,189.0,2026-03-11 20:49:13,2,Réussissez des éliminations.,Passe-temps mortel,uuhMlNBPDT3pLnQaGe2bXJ1CrxIuDxFD7dgcYKmdSnPL8sQ-TcgUDYLLjTLoZ94Lk6o-pu0ZtNRiUQ
402104,0.456,IRON,11.0,2025-12-10 21:12:36,1,Réussissez des meurtres en série (au moins 3éliminations sans mourir).,Série de meurtres en série,uuhMlNBPDT3pLnQaGe2bXJ1CrxIuDxFD7dgcYKmdSnPL8sQ-TcgUDYLLjTLoZ94Lk6o-pu0ZtNRiUQ
402105,0.431,IRON,4.0,2026-03-14 21:30:59,1,Réussissez des éliminations multiples.,Massacres multiples,uuhMlNBPDT3pLnQaGe2bXJ1CrxIuDxFD7dgcYKmdSnPL8sQ-TcgUDYLLjTLoZ94Lk6o-pu0ZtNRiUQ
120001,0.0,GRANDMASTER,137.0,2025-12-18 19:44:17,8,Gagnez des parties de Coop vs IA.,Dysfonctionnement,uuhMlNBPDT3pLnQaGe2bXJ1CrxIuDxFD7dgcYKmdSnPL8sQ-TcgUDYLLjTLoZ94Lk6o-pu0ZtNRiUQ
303300,0.229,BRONZE,20.0,2026-01-27 22:40:52,2,Progressez dans les défis du groupe Simultanéité.,Simultanéité,uuhMlNBPDT3pLnQaGe2bXJ1CrxIuDxFD7dgcYKmdSnPL8sQ-TcgUDYLLjTLoZ94Lk6o-pu0ZtNRiUQ
120000,0.087,PLATINUM,155.0,2025-12-13 17:02:21,5,Progressez dans les défis du groupe Chasse aux bots.,Chasse aux bots,uuhMlNBPDT3pLnQaGe2bXJ1CrxIuDxFD7dgcYKmdSnPL8sQ-TcgUDYLLjTLoZ94Lk6o-pu0ZtNRiUQ
303301,1.0,NONE,4.0,,0,Gagnez des parties avec un groupe arrangé de 2 dans une file classée.,Duo de choc,uuhMlNBPDT3pLnQaGe2bXJ1CrxIuDxFD7dgcYKmdSnPL8sQ-TcgUDYLLjTLoZ94Lk6o-pu0ZtNRiUQ
120003,0.104,SILVER,558.0,2025-12-16 17:06:00,3,Réussissez des éliminations en mode CoopvsIA.,Le soulèvement des bots,uuhMlNBPDT3pLnQaGe2bXJ1CrxIuDxFD7dgcYKmdSnPL8sQ-TcgUDYLLjTLoZ94Lk6o-pu0ZtNRiUQ
303302,0.201,IRON,1.0,2026-01-17 17:16:24,1,Gagnez des parties avec le même groupe de 5joueurs.,Meilleurs amis pour la vie,uuhMlNBPDT3pLnQaGe2bXJ1CrxIuDxFD7dgcYKmdSnPL8sQ-TcgUDYLLjTLoZ94Lk6o-pu0ZtNRiUQ
120002,0.02,PLATINUM,50.0,2025-12-18 17:26:01,5,Gagnez une partie de Coop vs IA avec différents champions.,Domination protéiforme,uuhMlNBPDT3pLnQaGe2bXJ1CrxIuDxFD7dgcYKmdSnPL8sQ-TcgUDYLLjTLoZ94Lk6o-pu0ZtNRiUQ
303303,0.166,SILVER,81.0,2026-03-14 20:18:09,3,Jouez des parties avec un groupe arrangé de n'importe quelle taille.,Sortie entre amis,uuhMlNBPDT3pLnQaGe2bXJ1CrxIuDxFD7dgcYKmdSnPL8sQ-TcgUDYLLjTLoZ94Lk6o-pu0ZtNRiUQ
504004,0.339,SILVER,17.0,2026-02-04 17:09:51,3,Obtenez des emotes.,Emotivation,uuhMlNBPDT3pLnQaGe2bXJ1CrxIuDxFD7dgcYKmdSnPL8sQ-TcgUDYLLjTLoZ94Lk6o-pu0ZtNRiUQ
504003,0.502,BRONZE,2.0,2025-12-16 17:03:52,2,Obtenez des skins de balise.,Collection de skins de balise,uuhMlNBPDT3pLnQaGe2bXJ1CrxIuDxFD7dgcYKmdSnPL8sQ-TcgUDYLLjTLoZ94Lk6o-pu0ZtNRiUQ
504002,0.304,SILVER,29.0,2026-02-05 22:30:18,3,Obtenez des icones d'invocateur.,Icone de la Faille,uuhMlNBPDT3pLnQaGe2bXJ1CrxIuDxFD7dgcYKmdSnPL8sQ-TcgUDYLLjTLoZ94Lk6o-pu0ZtNRiUQ
504000,0.336,SILVER,40.0,2026-02-04 17:09:51,3,Progressez dans les défis du groupe Trésor.,Trésor,uuhMlNBPDT3pLnQaGe2bXJ1CrxIuDxFD7dgcYKmdSnPL8sQ-TcgUDYLLjTLoZ94Lk6o-pu0ZtNRiUQ
401102,0.252,GOLD,749752.0,2026-01-13 20:35:24,4,Gagnez des points de Maîtrise.,Sagesse du maître,uuhMlNBPDT3pLnQaGe2bXJ1CrxIuDxFD7dgcYKmdSnPL8sQ-TcgUDYLLjTLoZ94Lk6o-pu0ZtNRiUQ
401103,0.26,GOLD,49291.0,2026-03-10 20:02:04,4,Gagnez des points de Maîtrise avec un seul champion.,OTP,uuhMlNBPDT3pLnQaGe2bXJ1CrxIuDxFD7dgcYKmdSnPL8sQ-TcgUDYLLjTLoZ94Lk6o-pu0ZtNRiUQ
401100,0.258,SILVER,60.0,2026-01-27 17:38:41,3,Progressez dans les défis du groupe Gourou.,Gourou,uuhMlNBPDT3pLnQaGe2bXJ1CrxIuDxFD7dgcYKmdSnPL8sQ-TcgUDYLLjTLoZ94Lk6o-pu0ZtNRiUQ
401106,0.263,IRON,19.0,2026-01-27 17:14:39,1,Gagnez une partie avec différents champions.,Touche-à-tout,uuhMlNBPDT3pLnQaGe2bXJ1CrxIuDxFD7dgcYKmdSnPL8sQ-TcgUDYLLjTLoZ94Lk6o-pu0ZtNRiUQ
401104,0.189,IRON,5.0,2026-03-15 20:08:28,1,Atteignez le niveau5 de Maîtrise avec différents champions.,Maîtrise novice,uuhMlNBPDT3pLnQaGe2bXJ1CrxIuDxFD7dgcYKmdSnPL8sQ-TcgUDYLLjTLoZ94Lk6o-pu0ZtNRiUQ
401105,1.0,NONE,1.0,,0,Atteignez le niveau7 de Maîtrise avec différents champions.,Maîtrise avancée (héritage),uuhMlNBPDT3pLnQaGe2bXJ1CrxIuDxFD7dgcYKmdSnPL8sQ-TcgUDYLLjTLoZ94Lk6o-pu0ZtNRiUQ
302300,0.298,SILVER,75.0,2026-01-25 00:43:16,3,Progressez dans les défis du groupe Synergie.,Synergie,uuhMlNBPDT3pLnQaGe2bXJ1CrxIuDxFD7dgcYKmdSnPL8sQ-TcgUDYLLjTLoZ94Lk6o-pu0ZtNRiUQ
302301,0.275,SILVER,121.0,2026-02-12 21:17:48,3,Participez à l'élimination de champions après avoir attendu dans les hautes herbes avec au moins un allié pendant au moins 3secondes.,Tactique des fanatiques,uuhMlNBPDT3pLnQaGe2bXJ1CrxIuDxFD7dgcYKmdSnPL8sQ-TcgUDYLLjTLoZ94Lk6o-pu0ZtNRiUQ
302302,0.252,SILVER,1025.0,2026-03-09 20:48:26,3,Tuez un ennemi avec l'aide d'au moins un allié sans subir d'élimination en retour.,Expédition punitive,uuhMlNBPDT3pLnQaGe2bXJ1CrxIuDxFD7dgcYKmdSnPL8sQ-TcgUDYLLjTLoZ94Lk6o-pu0ZtNRiUQ
302303,0.119,SILVER,101.0,2026-01-27 17:40:49,3,Sauvez à l'aide d'un soin ou d'un bouclier un allié qui aurait dû subir des dégâts mortels.,Dernier rempart,uuhMlNBPDT3pLnQaGe2bXJ1CrxIuDxFD7dgcYKmdSnPL8sQ-TcgUDYLLjTLoZ94Lk6o-pu0ZtNRiUQ
204000,0.15,GOLD,155.0,2026-03-11 20:40:21,4,Progressez dans les défis des groupes Primordial et Visionnaire.,Génie,uuhMlNBPDT3pLnQaGe2bXJ1CrxIuDxFD7dgcYKmdSnPL8sQ-TcgUDYLLjTLoZ94Lk6o-pu0ZtNRiUQ
302304,0.23,SILVER,457.0,2026-03-08 20:49:24,3,"Immobilisez un ennemi, puis éliminez-le avec un allié.",Casseurs bloqueurs,uuhMlNBPDT3pLnQaGe2bXJ1CrxIuDxFD7dgcYKmdSnPL8sQ-TcgUDYLLjTLoZ94Lk6o-pu0ZtNRiUQ
302305,0.252,SILVER,95.0,2026-03-04 21:00:17,3,Repoussez des ennemis vers vos alliés pour faciliter une élimination.,Appelez-moi inSec,uuhMlNBPDT3pLnQaGe2bXJ1CrxIuDxFD7dgcYKmdSnPL8sQ-TcgUDYLLjTLoZ94Lk6o-pu0ZtNRiUQ
101101,0.158,MASTER,138.0,2026-01-22 21:47:50,7,Infligez plus de 1800pts de dégâts par minute dans des parties d'ARAM.,Menace DPS,uuhMlNBPDT3pLnQaGe2bXJ1CrxIuDxFD7dgcYKmdSnPL8sQ-TcgUDYLLjTLoZ94Lk6o-pu0ZtNRiUQ
101100,0.138,PLATINUM,290.0,2026-01-22 22:16:10,5,Progressez dans les défis du groupe Guerre d'ARAM.,Guerre d'ARAM,uuhMlNBPDT3pLnQaGe2bXJ1CrxIuDxFD7dgcYKmdSnPL8sQ-TcgUDYLLjTLoZ94Lk6o-pu0ZtNRiUQ
101103,0.121,GOLD,3.0,2026-01-15 20:44:00,4,Devenez légendaire dans des parties d'ARAM.,Légende d'ARAM,uuhMlNBPDT3pLnQaGe2bXJ1CrxIuDxFD7dgcYKmdSnPL8sQ-TcgUDYLLjTLoZ94Lk6o-pu0ZtNRiUQ
101105,0.077,PLATINUM,1046.0,2026-02-12 17:55:35,5,Tuez des ennemis près de l'une de leurs tourelles en ARAM.,Aucune échappatoire,uuhMlNBPDT3pLnQaGe2bXJ1CrxIuDxFD7dgcYKmdSnPL8sQ-TcgUDYLLjTLoZ94Lk6o-pu0ZtNRiUQ
301300,0.269,BRONZE,65.0,2026-02-09 17:33:58,2,Progressez dans les défis du groupe Symbiose.,Symbiose,uuhMlNBPDT3pLnQaGe2bXJ1CrxIuDxFD7dgcYKmdSnPL8sQ-TcgUDYLLjTLoZ94Lk6o-pu0ZtNRiUQ
101104,0.07,PLATINUM,64.0,2026-02-23 22:07:32,5,Tuez des adversaires qui ont récemment obtenu un kit de soins en ARAM.,Mauvais médicament,uuhMlNBPDT3pLnQaGe2bXJ1CrxIuDxFD7dgcYKmdSnPL8sQ-TcgUDYLLjTLoZ94Lk6o-pu0ZtNRiUQ
101107,0.042,DIAMOND,27662.0,2026-02-16 22:46:32,6,Participez à des éliminations en ARAM.,"Farmez les champions, pas les sbires",uuhMlNBPDT3pLnQaGe2bXJ1CrxIuDxFD7dgcYKmdSnPL8sQ-TcgUDYLLjTLoZ94Lk6o-pu0ZtNRiUQ
301302,0.102,SILVER,29.0,2026-03-06 20:31:57,3,Réussissez au moins 12assistances sans mourir.,L'important c'est de participer,uuhMlNBPDT3pLnQaGe2bXJ1CrxIuDxFD7dgcYKmdSnPL8sQ-TcgUDYLLjTLoZ94Lk6o-pu0ZtNRiUQ
502005,0.243,SILVER,17.0,2026-01-23 15:31:18,3,Atteignez le palier Or dans des points culminants.,Sommet doré,uuhMlNBPDT3pLnQaGe2bXJ1CrxIuDxFD7dgcYKmdSnPL8sQ-TcgUDYLLjTLoZ94Lk6o-pu0ZtNRiUQ
502004,0.22,BRONZE,10.0,2026-01-23 17:20:45,2,Atteignez le palier Maître dans des défis.,Coup de maître,uuhMlNBPDT3pLnQaGe2bXJ1CrxIuDxFD7dgcYKmdSnPL8sQ-TcgUDYLLjTLoZ94Lk6o-pu0ZtNRiUQ
502003,0.178,SILVER,20.0,2026-02-23 22:20:49,3,Atteignez le palier Diamant dans des défis.,Les défis sont éternels,uuhMlNBPDT3pLnQaGe2bXJ1CrxIuDxFD7dgcYKmdSnPL8sQ-TcgUDYLLjTLoZ94Lk6o-pu0ZtNRiUQ
101108,0.131,GOLD,1.0,2026-02-27 20:33:44,4,Infligez au moins 40% des dégâts de votre équipe aux champions en ARAM.,Carry en solo,uuhMlNBPDT3pLnQaGe2bXJ1CrxIuDxFD7dgcYKmdSnPL8sQ-TcgUDYLLjTLoZ94Lk6o-pu0ZtNRiUQ
502002,0.162,IRON,1.0,2026-02-24 19:08:10,1,Terminez des défis de collection en atteignant le plus haut niveau non classé.,Collectionnite aiguë,uuhMlNBPDT3pLnQaGe2bXJ1CrxIuDxFD7dgcYKmdSnPL8sQ-TcgUDYLLjTLoZ94Lk6o-pu0ZtNRiUQ
502001,0.174,SILVER,21.0,2026-03-18 22:25:45,3,Obtenez des titres pour différents défis.,Pour l'amour des titres,uuhMlNBPDT3pLnQaGe2bXJ1CrxIuDxFD7dgcYKmdSnPL8sQ-TcgUDYLLjTLoZ94Lk6o-pu0ZtNRiUQ
502000,0.242,SILVER,60.0,2026-01-23 17:20:45,3,Progressez dans les défis du groupe Perfectionniste.,Perfectionniste,uuhMlNBPDT3pLnQaGe2bXJ1CrxIuDxFD7dgcYKmdSnPL8sQ-TcgUDYLLjTLoZ94Lk6o-pu0ZtNRiUQ
203000,0.351,BRONZE,135.0,2026-03-13 21:29:05,2,"Progressez dans les défis des groupes Panache, Béhémoth, Assassinat et Prédateur.",Puissance,uuhMlNBPDT3pLnQaGe2bXJ1CrxIuDxFD7dgcYKmdSnPL8sQ-TcgUDYLLjTLoZ94Lk6o-pu0ZtNRiUQ
301304,0.209,GOLD,1.0,2026-01-23 15:38:30,4,"Réussissez des aces après l'apparition des sbires, mais dans les 15 premières minutes de jeu.",Team diff,uuhMlNBPDT3pLnQaGe2bXJ1CrxIuDxFD7dgcYKmdSnPL8sQ-TcgUDYLLjTLoZ94Lk6o-pu0ZtNRiUQ
301306,0.275,GOLD,1.0,2026-02-09 17:18:51,4,Détruisez le Nexus ennemi en moins de 15minutes.,Stomp,uuhMlNBPDT3pLnQaGe2bXJ1CrxIuDxFD7dgcYKmdSnPL8sQ-TcgUDYLLjTLoZ94Lk6o-pu0ZtNRiUQ
202000,0.381,BRONZE,100.0,2026-02-28 15:36:29,2,"Progressez dans les défis des groupes Domination, Incomparable et Perfection.",Transfiguration,uuhMlNBPDT3pLnQaGe2bXJ1CrxIuDxFD7dgcYKmdSnPL8sQ-TcgUDYLLjTLoZ94Lk6o-pu0ZtNRiUQ
402206,0.295,BRONZE,73.0,2026-01-27 17:14:39,2,Participez à l'élimination de dragons.,Chasse aux lézards,uuhMlNBPDT3pLnQaGe2bXJ1CrxIuDxFD7dgcYKmdSnPL8sQ-TcgUDYLLjTLoZ94Lk6o-pu0ZtNRiUQ
402207,0.246,SILVER,36.0,2026-02-22 16:01:07,3,Participez à l'élimination de barons.,Collection de vers,uuhMlNBPDT3pLnQaGe2bXJ1CrxIuDxFD7dgcYKmdSnPL8sQ-TcgUDYLLjTLoZ94Lk6o-pu0ZtNRiUQ
402204,0.268,IRON,426.0,2026-03-14 21:30:59,1,Tuez des monstres dans votre jungle.,Repas sur place,uuhMlNBPDT3pLnQaGe2bXJ1CrxIuDxFD7dgcYKmdSnPL8sQ-TcgUDYLLjTLoZ94Lk6o-pu0ZtNRiUQ
402205,1.0,NONE,3.0,,0,Tuez des monstres de la jungle ennemie.,Repas à emporter,uuhMlNBPDT3pLnQaGe2bXJ1CrxIuDxFD7dgcYKmdSnPL8sQ-TcgUDYLLjTLoZ94Lk6o-pu0ZtNRiUQ
402202,0.428,IRON,30.0,2026-03-09 22:26:36,1,Participez à la destruction de tourelles avec le héraut de la Faille.,Terreur des tourelles,uuhMlNBPDT3pLnQaGe2bXJ1CrxIuDxFD7dgcYKmdSnPL8sQ-TcgUDYLLjTLoZ94Lk6o-pu0ZtNRiUQ
402203,0.335,IRON,23.0,2026-01-17 17:16:24,1,Tuez des carapateurs.,Fléau des carapateurs,uuhMlNBPDT3pLnQaGe2bXJ1CrxIuDxFD7dgcYKmdSnPL8sQ-TcgUDYLLjTLoZ94Lk6o-pu0ZtNRiUQ
402200,0.275,SILVER,85.0,2026-02-28 15:36:29,3,Progressez dans les défis du groupe Commando.,Commando,uuhMlNBPDT3pLnQaGe2bXJ1CrxIuDxFD7dgcYKmdSnPL8sQ-TcgUDYLLjTLoZ94Lk6o-pu0ZtNRiUQ
103201,0.433,IRON,2.0,2026-03-06 21:05:55,1,Participez à l'élimination d'un champion ennemi dans une alcôve.,Secrets d'alcôve,uuhMlNBPDT3pLnQaGe2bXJ1CrxIuDxFD7dgcYKmdSnPL8sQ-TcgUDYLLjTLoZ94Lk6o-pu0ZtNRiUQ
103200,0.453,SILVER,40.0,2026-01-27 23:26:00,3,Progressez dans les défis du groupe Innovation.,Innovation,uuhMlNBPDT3pLnQaGe2bXJ1CrxIuDxFD7dgcYKmdSnPL8sQ-TcgUDYLLjTLoZ94Lk6o-pu0ZtNRiUQ
103205,0.403,GOLD,3.0,2026-01-27 22:51:02,4,Survivez à un combat contre un champion avec moins de 10PV.,C'était prévu,uuhMlNBPDT3pLnQaGe2bXJ1CrxIuDxFD7dgcYKmdSnPL8sQ-TcgUDYLLjTLoZ94Lk6o-pu0ZtNRiUQ
402210,0.269,SILVER,188.0,2026-02-28 15:19:26,3,Participez à la destruction de tourelles.,Tombeur de tourelles,uuhMlNBPDT3pLnQaGe2bXJ1CrxIuDxFD7dgcYKmdSnPL8sQ-TcgUDYLLjTLoZ94Lk6o-pu0ZtNRiUQ
402208,0.343,IRON,4.0,2026-02-12 21:46:22,1,Participez à l'élimination de hérauts de la Faille.,Anti-héraut,uuhMlNBPDT3pLnQaGe2bXJ1CrxIuDxFD7dgcYKmdSnPL8sQ-TcgUDYLLjTLoZ94Lk6o-pu0ZtNRiUQ
103206,0.31,BRONZE,7.0,2026-03-13 22:57:51,2,"Tuez des adversaires avec l'aide d'un monstre épique. Les monstres épiques incluent les dragons, le héraut de la Faille et le baron Nashor.",Toute aide est la bienvenue,uuhMlNBPDT3pLnQaGe2bXJ1CrxIuDxFD7dgcYKmdSnPL8sQ-TcgUDYLLjTLoZ94Lk6o-pu0ZtNRiUQ
402209,0.2,GOLD,585.0,2026-02-09 17:35:51,4,Détruisez des plaques de tourelle.,Plaqué or,uuhMlNBPDT3pLnQaGe2bXJ1CrxIuDxFD7dgcYKmdSnPL8sQ-TcgUDYLLjTLoZ94Lk6o-pu0ZtNRiUQ
201003,0.206,GOLD,3.0,2026-01-23 16:04:44,4,Gagnez des parties sans mourir et avec au moins 30% de participation aux éliminations.,Roi-démon immortel,uuhMlNBPDT3pLnQaGe2bXJ1CrxIuDxFD7dgcYKmdSnPL8sQ-TcgUDYLLjTLoZ94Lk6o-pu0ZtNRiUQ
303404,0.071,GOLD,1.0,2026-03-08 20:49:24,4,"Avec un groupe arrangé de 5 personnes, gagnez des parties avec au moins 3champions qui ont une compétence de réanimation, d'immunité ou de zombification.",Mais tu vas mourir oui?!,uuhMlNBPDT3pLnQaGe2bXJ1CrxIuDxFD7dgcYKmdSnPL8sQ-TcgUDYLLjTLoZ94Lk6o-pu0ZtNRiUQ
201001,0.214,GOLD,15.0,2026-03-13 20:14:50,4,Participez à la destruction (élimination ou assistance) de la première tourelle de la partie.,Premier pas,uuhMlNBPDT3pLnQaGe2bXJ1CrxIuDxFD7dgcYKmdSnPL8sQ-TcgUDYLLjTLoZ94Lk6o-pu0ZtNRiUQ
303406,0.052,PLATINUM,4.0,2026-02-28 15:19:26,5,"Avec un groupe arrangé de 5personnes, gagnez des parties avec au moins 3champions qui «pokent» (des champions avec des compétences longue portée non ciblées).",Gardons nos distances,uuhMlNBPDT3pLnQaGe2bXJ1CrxIuDxFD7dgcYKmdSnPL8sQ-TcgUDYLLjTLoZ94Lk6o-pu0ZtNRiUQ
201000,0.318,SILVER,65.0,2026-01-23 16:22:53,3,Progressez dans les défis du groupe Adepte.,Adepte,uuhMlNBPDT3pLnQaGe2bXJ1CrxIuDxFD7dgcYKmdSnPL8sQ-TcgUDYLLjTLoZ94Lk6o-pu0ZtNRiUQ
303400,0.068,GOLD,270.0,2026-02-28 15:36:29,4,Progressez dans les défis du groupe Harmonie.,Harmonie,uuhMlNBPDT3pLnQaGe2bXJ1CrxIuDxFD7dgcYKmdSnPL8sQ-TcgUDYLLjTLoZ94Lk6o-pu0ZtNRiUQ
303401,0.045,PLATINUM,4.0,2026-03-08 21:27:05,5,"Avec un groupe arrangé de 5personnes, gagnez des parties avec au moins 3champions qui ont une compétence à portée globale.",Nulle part où se cacher,uuhMlNBPDT3pLnQaGe2bXJ1CrxIuDxFD7dgcYKmdSnPL8sQ-TcgUDYLLjTLoZ94Lk6o-pu0ZtNRiUQ
303402,0.069,MASTER,10.0,2026-02-28 15:19:26,7,"Avec un groupe arrangé de 5 personnes, gagnez des parties avec au moins 3champions qui ont un ultime à large zone d'effet.",Ultimes ultimes,uuhMlNBPDT3pLnQaGe2bXJ1CrxIuDxFD7dgcYKmdSnPL8sQ-TcgUDYLLjTLoZ94Lk6o-pu0ZtNRiUQ
201004,0.253,SILVER,4.0,2026-01-27 17:40:49,3,Participez à 12éliminations de champions ennemis dans les 15 premières minutes.,Incarnation de la mort,uuhMlNBPDT3pLnQaGe2bXJ1CrxIuDxFD7dgcYKmdSnPL8sQ-TcgUDYLLjTLoZ94Lk6o-pu0ZtNRiUQ
303412,0.067,PLATINUM,4.0,2026-02-22 16:01:07,5,"Avec un groupe arrangé de 5personnes, gagnez des parties avec au moins 3champions qui ont au moins 2compétences d'immobilisation.",On ne bouge plus,uuhMlNBPDT3pLnQaGe2bXJ1CrxIuDxFD7dgcYKmdSnPL8sQ-TcgUDYLLjTLoZ94Lk6o-pu0ZtNRiUQ
401205,0.147,IRON,1.0,2026-03-11 23:03:14,1,Atteignez le niveau7 de Maîtrise avec différents supports.,Pro des supports (héritage),uuhMlNBPDT3pLnQaGe2bXJ1CrxIuDxFD7dgcYKmdSnPL8sQ-TcgUDYLLjTLoZ94Lk6o-pu0ZtNRiUQ
303409,0.082,GOLD,2.0,2026-02-13 23:52:13,4,"Avec un groupe arrangé de 5personnes, gagnez des parties avec au moins 3champions qui ont un effet de déplacement des ennemis.",Viens par ici!,uuhMlNBPDT3pLnQaGe2bXJ1CrxIuDxFD7dgcYKmdSnPL8sQ-TcgUDYLLjTLoZ94Lk6o-pu0ZtNRiUQ
401203,0.18,IRON,1.0,2026-03-11 23:03:14,1,Atteignez le niveau7 de Maîtrise avec différents mages.,Pro des mages (héritage),uuhMlNBPDT3pLnQaGe2bXJ1CrxIuDxFD7dgcYKmdSnPL8sQ-TcgUDYLLjTLoZ94Lk6o-pu0ZtNRiUQ
401200,1.0,NONE,10.0,,0,Progressez dans les défis du groupe Virtuose.,Virtuose,uuhMlNBPDT3pLnQaGe2bXJ1CrxIuDxFD7dgcYKmdSnPL8sQ-TcgUDYLLjTLoZ94Lk6o-pu0ZtNRiUQ
302404,1.0,NONE,2.0,,0,Participez à des éliminations après une téléportation au cœur d'un combat impliquant au moins 4champions.,Mieux vaut tard que jamais,uuhMlNBPDT3pLnQaGe2bXJ1CrxIuDxFD7dgcYKmdSnPL8sQ-TcgUDYLLjTLoZ94Lk6o-pu0ZtNRiUQ
204103,0.108,GOLD,47.0,2026-02-10 13:50:48,4,Terminez la quête d'un objet de support en moins de 14minutes.,Argent de poche,uuhMlNBPDT3pLnQaGe2bXJ1CrxIuDxFD7dgcYKmdSnPL8sQ-TcgUDYLLjTLoZ94Lk6o-pu0ZtNRiUQ
302400,0.273,SILVER,30.0,2026-02-13 23:27:48,3,Progressez dans les défis du groupe Esprit d'équipe.,Esprit d'équipe,uuhMlNBPDT3pLnQaGe2bXJ1CrxIuDxFD7dgcYKmdSnPL8sQ-TcgUDYLLjTLoZ94Lk6o-pu0ZtNRiUQ
204102,0.078,SILVER,22.0,2026-03-10 20:02:04,3,Ayez un score de vision par minute supérieur à 2.,Omniscience,uuhMlNBPDT3pLnQaGe2bXJ1CrxIuDxFD7dgcYKmdSnPL8sQ-TcgUDYLLjTLoZ94Lk6o-pu0ZtNRiUQ
302401,0.244,SILVER,26.0,2026-02-13 22:56:46,3,Réussissez un ace sans perdre un seul allié.,Ace parfait,uuhMlNBPDT3pLnQaGe2bXJ1CrxIuDxFD7dgcYKmdSnPL8sQ-TcgUDYLLjTLoZ94Lk6o-pu0ZtNRiUQ
204101,0.136,BRONZE,14.0,2026-03-09 21:16:26,2,Terminez votre quête de support au moins 60secondes plus vite que le support ennemi.,60 secondes chrono,uuhMlNBPDT3pLnQaGe2bXJ1CrxIuDxFD7dgcYKmdSnPL8sQ-TcgUDYLLjTLoZ94Lk6o-pu0ZtNRiUQ
302402,0.263,SILVER,61.0,2026-02-28 15:19:26,3,Participez à 1élimination à laquelle toute votre équipe a contribué.,Tous sur lui!,uuhMlNBPDT3pLnQaGe2bXJ1CrxIuDxFD7dgcYKmdSnPL8sQ-TcgUDYLLjTLoZ94Lk6o-pu0ZtNRiUQ
204100,0.086,GOLD,50.0,2026-03-10 20:32:53,4,Progressez dans les défis du groupe Primordial.,Primordial,uuhMlNBPDT3pLnQaGe2bXJ1CrxIuDxFD7dgcYKmdSnPL8sQ-TcgUDYLLjTLoZ94Lk6o-pu0ZtNRiUQ
101201,0.022,MASTER,45786.0,2026-03-17 22:28:42,7,Touchez des champions avec des compétences de tir (compétences non ciblées à distance) en ARAM.,Dans le mille!,uuhMlNBPDT3pLnQaGe2bXJ1CrxIuDxFD7dgcYKmdSnPL8sQ-TcgUDYLLjTLoZ94Lk6o-pu0ZtNRiUQ
101200,0.038,DIAMOND,300.0,2026-03-03 23:17:00,6,Progressez dans les défis du groupe Finesse d'ARAM.,Finesse d'ARAM,uuhMlNBPDT3pLnQaGe2bXJ1CrxIuDxFD7dgcYKmdSnPL8sQ-TcgUDYLLjTLoZ94Lk6o-pu0ZtNRiUQ
101203,0.063,DIAMOND,1946.0,2026-02-20 23:00:19,6,Touchez des champions avec des boules de neige en ARAM.,Jour de neige,uuhMlNBPDT3pLnQaGe2bXJ1CrxIuDxFD7dgcYKmdSnPL8sQ-TcgUDYLLjTLoZ94Lk6o-pu0ZtNRiUQ
101202,0.035,DIAMOND,49455.0,2026-03-03 22:58:23,6,Esquivez des compétences de tir (compétences non ciblées à distance) en ARAM.,C'est pas passé loin!,uuhMlNBPDT3pLnQaGe2bXJ1CrxIuDxFD7dgcYKmdSnPL8sQ-TcgUDYLLjTLoZ94Lk6o-pu0ZtNRiUQ
101205,0.144,BRONZE,1.0,2026-01-12 16:25:15,2,Faites-vous exécuter par une tourelle extérieure dans les 10 premières minutes de jeu en ARAM.,Try hard,uuhMlNBPDT3pLnQaGe2bXJ1CrxIuDxFD7dgcYKmdSnPL8sQ-TcgUDYLLjTLoZ94Lk6o-pu0ZtNRiUQ
101204,0.036,DIAMOND,33819.0,2026-02-28 21:16:23,6,Tuez des sbires en ARAM.,Argent facile,uuhMlNBPDT3pLnQaGe2bXJ1CrxIuDxFD7dgcYKmdSnPL8sQ-TcgUDYLLjTLoZ94Lk6o-pu0ZtNRiUQ
101206,0.191,BRONZE,1.0,2025-12-24 21:09:47,2,Faites exploser un Poro en ARAM.,Le Poro fait pouf!,uuhMlNBPDT3pLnQaGe2bXJ1CrxIuDxFD7dgcYKmdSnPL8sQ-TcgUDYLLjTLoZ94Lk6o-pu0ZtNRiUQ
203102,0.304,GOLD,180.0,2026-03-08 22:00:53,4,Esquivez 5compétences de tir (compétences non ciblées à distance) en moins de 8secondes.,Quel jeu de jambes!,uuhMlNBPDT3pLnQaGe2bXJ1CrxIuDxFD7dgcYKmdSnPL8sQ-TcgUDYLLjTLoZ94Lk6o-pu0ZtNRiUQ
203101,0.276,BRONZE,1.0,2026-03-13 22:57:51,2,Touchez des ennemis avec 20compétences de tir (compétences non ciblées à distance) dans les 7 premières minutes de jeu.,Précision redoutable,uuhMlNBPDT3pLnQaGe2bXJ1CrxIuDxFD7dgcYKmdSnPL8sQ-TcgUDYLLjTLoZ94Lk6o-pu0ZtNRiUQ
203100,0.386,BRONZE,35.0,2026-03-08 22:26:49,2,Progressez dans les défis du groupe Panache.,Panache,uuhMlNBPDT3pLnQaGe2bXJ1CrxIuDxFD7dgcYKmdSnPL8sQ-TcgUDYLLjTLoZ94Lk6o-pu0ZtNRiUQ
202103,0.443,IRON,1.0,2026-03-13 19:55:08,1,Terminez le début de la phase de laning (7minutes) avec 20% de PO et d'XP de plus que votre adversaire direct (même poste que vous).,Autorité sur la voie,uuhMlNBPDT3pLnQaGe2bXJ1CrxIuDxFD7dgcYKmdSnPL8sQ-TcgUDYLLjTLoZ94Lk6o-pu0ZtNRiUQ
202102,0.457,IRON,2.0,2026-03-13 19:55:08,1,Terminez la phase de laning (14minutes) avec 20% de PO et d'XP de plus que votre adversaire direct (même poste que vous).,Domination de voie,uuhMlNBPDT3pLnQaGe2bXJ1CrxIuDxFD7dgcYKmdSnPL8sQ-TcgUDYLLjTLoZ94Lk6o-pu0ZtNRiUQ
202100,0.395,BRONZE,35.0,2026-03-06 21:33:17,2,Progressez dans les défis du groupe Domination.,Domination,uuhMlNBPDT3pLnQaGe2bXJ1CrxIuDxFD7dgcYKmdSnPL8sQ-TcgUDYLLjTLoZ94Lk6o-pu0ZtNRiUQ
202105,0.35,BRONZE,8.0,2026-03-06 21:05:55,2,Prenez au moins trois niveaux d'avance sur votre adversaire direct (même poste que vous) à tout moment de la partie.,Écart de niveau,uuhMlNBPDT3pLnQaGe2bXJ1CrxIuDxFD7dgcYKmdSnPL8sQ-TcgUDYLLjTLoZ94Lk6o-pu0ZtNRiUQ
202104,0.262,SILVER,31.0,2026-02-28 15:19:26,3,Terminez la partie avec 20% de score de vision de plus que votre adversaire direct (même poste que vous).,Les hautes herbes ont des yeux,uuhMlNBPDT3pLnQaGe2bXJ1CrxIuDxFD7dgcYKmdSnPL8sQ-TcgUDYLLjTLoZ94Lk6o-pu0ZtNRiUQ
103300,0.347,BRONZE,10.0,2026-02-10 14:18:01,2,Progressez dans les défis du groupe Stratège.,Stratège,uuhMlNBPDT3pLnQaGe2bXJ1CrxIuDxFD7dgcYKmdSnPL8sQ-TcgUDYLLjTLoZ94Lk6o-pu0ZtNRiUQ
103303,0.337,BRONZE,5.0,2026-02-10 13:50:48,2,"Participez à l'élimination de junglers près d'un monstre épique blessé avant que ce dernier ne soit tué. Les monstres épiques incluent les dragons, le héraut de la Faille et le baron Nashor.",Sens des priorités,uuhMlNBPDT3pLnQaGe2bXJ1CrxIuDxFD7dgcYKmdSnPL8sQ-TcgUDYLLjTLoZ94Lk6o-pu0ZtNRiUQ
401302,0.1,BRONZE,32.0,2026-03-13 19:55:08,2,Gagnez des parties en tant que support.,Supp diff,uuhMlNBPDT3pLnQaGe2bXJ1CrxIuDxFD7dgcYKmdSnPL8sQ-TcgUDYLLjTLoZ94Lk6o-pu0ZtNRiUQ
401303,1.0,NONE,4.0,,0,Gagnez des parties en tant que carry de la voie du bas.,Bot diff,uuhMlNBPDT3pLnQaGe2bXJ1CrxIuDxFD7dgcYKmdSnPL8sQ-TcgUDYLLjTLoZ94Lk6o-pu0ZtNRiUQ
401300,0.221,IRON,20.0,2026-03-13 20:11:06,1,Progressez dans les défis du groupe Ace.,Ace,uuhMlNBPDT3pLnQaGe2bXJ1CrxIuDxFD7dgcYKmdSnPL8sQ-TcgUDYLLjTLoZ94Lk6o-pu0ZtNRiUQ
401301,1.0,NONE,6.0,,0,Gagnez des parties en tant que jungler.,Jungle diff,uuhMlNBPDT3pLnQaGe2bXJ1CrxIuDxFD7dgcYKmdSnPL8sQ-TcgUDYLLjTLoZ94Lk6o-pu0ZtNRiUQ
602001,0.073,IRON,11.0,2026-01-19 19:37:16,1,Jouez des parties d'Arena avec différents champions.,Océan de champions d'Arena,uuhMlNBPDT3pLnQaGe2bXJ1CrxIuDxFD7dgcYKmdSnPL8sQ-TcgUDYLLjTLoZ94Lk6o-pu0ZtNRiUQ
602000,0.073,IRON,5.0,2026-01-19 20:05:07,1,Progressez dans les défis du groupe Prodige d'Arena.,Prodige d'Arena,uuhMlNBPDT3pLnQaGe2bXJ1CrxIuDxFD7dgcYKmdSnPL8sQ-TcgUDYLLjTLoZ94Lk6o-pu0ZtNRiUQ
602002,1.0,NONE,1.0,,0,Atteignez la première place en Arena avec différents champions.,Adaptation en toute situation,uuhMlNBPDT3pLnQaGe2bXJ1CrxIuDxFD7dgcYKmdSnPL8sQ-TcgUDYLLjTLoZ94Lk6o-pu0ZtNRiUQ
303000,0.149,SILVER,325.0,2026-01-19 23:00:30,3,"Progressez dans les défis des groupes Clash, Simultanéité, Harmonie et Globe-trotteur.",Alliance,uuhMlNBPDT3pLnQaGe2bXJ1CrxIuDxFD7dgcYKmdSnPL8sQ-TcgUDYLLjTLoZ94Lk6o-pu0ZtNRiUQ
401306,0.054,BRONZE,15.0,2026-03-14 15:35:10,2,Gagnez des parties en jouant le rôle qui vous a été attribué après avoir choisi l'option N'importe.,Joueur diff,uuhMlNBPDT3pLnQaGe2bXJ1CrxIuDxFD7dgcYKmdSnPL8sQ-TcgUDYLLjTLoZ94Lk6o-pu0ZtNRiUQ
401304,1.0,NONE,9.0,,0,Gagnez des parties en tant que midlaner.,Mid diff,uuhMlNBPDT3pLnQaGe2bXJ1CrxIuDxFD7dgcYKmdSnPL8sQ-TcgUDYLLjTLoZ94Lk6o-pu0ZtNRiUQ
401305,1.0,NONE,2.0,,0,Gagnez des parties en tant que toplaner.,Top diff,uuhMlNBPDT3pLnQaGe2bXJ1CrxIuDxFD7dgcYKmdSnPL8sQ-TcgUDYLLjTLoZ94Lk6o-pu0ZtNRiUQ
601000,0.104,SILVER,55.0,2026-01-17 18:56:19,3,Progressez dans les défis du groupe Bagarreur d'Arena.,Bagarreur d'Arena,uuhMlNBPDT3pLnQaGe2bXJ1CrxIuDxFD7dgcYKmdSnPL8sQ-TcgUDYLLjTLoZ94Lk6o-pu0ZtNRiUQ
601003,0.123,IRON,4.0,2026-01-17 18:29:17,1,Réussissez des doublés.,Quitte ou double,uuhMlNBPDT3pLnQaGe2bXJ1CrxIuDxFD7dgcYKmdSnPL8sQ-TcgUDYLLjTLoZ94Lk6o-pu0ZtNRiUQ
601002,0.112,SILVER,29.0,2026-01-19 20:08:40,3,Esquivez 5compétences de tir (compétences non ciblées à distance) en moins de 8secondes.,Pas de danse,uuhMlNBPDT3pLnQaGe2bXJ1CrxIuDxFD7dgcYKmdSnPL8sQ-TcgUDYLLjTLoZ94Lk6o-pu0ZtNRiUQ
601005,0.078,SILVER,4.0,2026-01-24 21:48:00,3,Réussissez des éliminations en étant entouré par plus de champions ennemis qu'alliés.,Seul contre tous,uuhMlNBPDT3pLnQaGe2bXJ1CrxIuDxFD7dgcYKmdSnPL8sQ-TcgUDYLLjTLoZ94Lk6o-pu0ZtNRiUQ
601004,0.093,SILVER,7.0,2026-01-17 18:29:17,3,Subissez 10000pts de dégâts de champion avant mitigation dans un seul combat sans mourir.,Le mur,uuhMlNBPDT3pLnQaGe2bXJ1CrxIuDxFD7dgcYKmdSnPL8sQ-TcgUDYLLjTLoZ94Lk6o-pu0ZtNRiUQ
601006,0.098,IRON,5.0,2026-01-16 23:30:06,1,Sauvez à l'aide d'un soin ou d'un bouclier un allié qui aurait dû subir des dégâts mortels.,Sauvetage,uuhMlNBPDT3pLnQaGe2bXJ1CrxIuDxFD7dgcYKmdSnPL8sQ-TcgUDYLLjTLoZ94Lk6o-pu0ZtNRiUQ
204203,0.117,PLATINUM,15.0,2026-03-11 22:20:58,5,Détruisez au moins deux Balises camouflées avec une seule activation du Brouilleur oraculaire.,Yeux brouillés,uuhMlNBPDT3pLnQaGe2bXJ1CrxIuDxFD7dgcYKmdSnPL8sQ-TcgUDYLLjTLoZ94Lk6o-pu0ZtNRiUQ
204202,0.269,SILVER,24.0,2026-02-13 23:52:13,3,Protégez des balises en vous trouvant à proximité lorsqu'un ennemi tente de les détruire.,Pas de quoi baliser,uuhMlNBPDT3pLnQaGe2bXJ1CrxIuDxFD7dgcYKmdSnPL8sQ-TcgUDYLLjTLoZ94Lk6o-pu0ZtNRiUQ
204200,0.189,GOLD,55.0,2026-03-11 22:53:59,4,Progressez dans les défis du groupe Visionnaire.,Visionnaire,uuhMlNBPDT3pLnQaGe2bXJ1CrxIuDxFD7dgcYKmdSnPL8sQ-TcgUDYLLjTLoZ94Lk6o-pu0ZtNRiUQ
101301,0.026,PLATINUM,50.0,2026-03-05 22:49:20,5,Obtenez au moins une note S- avec différents champions en ARAM.,S-ARAM,uuhMlNBPDT3pLnQaGe2bXJ1CrxIuDxFD7dgcYKmdSnPL8sQ-TcgUDYLLjTLoZ94Lk6o-pu0ZtNRiUQ
302000,0.331,SILVER,250.0,2026-01-24 17:38:04,3,"Progressez dans les défis des groupes Stratégie, Démolition, Synergie et Esprit d'équipe.",Capitaine,uuhMlNBPDT3pLnQaGe2bXJ1CrxIuDxFD7dgcYKmdSnPL8sQ-TcgUDYLLjTLoZ94Lk6o-pu0ZtNRiUQ
101300,0.031,DIAMOND,465.0,2026-01-23 17:20:45,6,Progressez dans les défis du groupe Prodige d'ARAM.,Prodige d'ARAM,uuhMlNBPDT3pLnQaGe2bXJ1CrxIuDxFD7dgcYKmdSnPL8sQ-TcgUDYLLjTLoZ94Lk6o-pu0ZtNRiUQ
101303,0.041,PLATINUM,21.0,2026-02-05 18:10:44,5,Détruisez la première tourelle dans les 5 premières minutes de jeu en ARAM.,Démolition expéditive,uuhMlNBPDT3pLnQaGe2bXJ1CrxIuDxFD7dgcYKmdSnPL8sQ-TcgUDYLLjTLoZ94Lk6o-pu0ZtNRiUQ
101302,0.027,MASTER,133.0,2026-02-08 15:43:56,7,Obtenez des notes S ou mieux en ARAM.,SARAM,uuhMlNBPDT3pLnQaGe2bXJ1CrxIuDxFD7dgcYKmdSnPL8sQ-TcgUDYLLjTLoZ94Lk6o-pu0ZtNRiUQ
101305,0.021,GOLD,25.0,2026-03-18 00:31:00,4,Ayez un taux de participation aux éliminations supérieur à 90% dans des parties d'ARAM.,Participation à foison,uuhMlNBPDT3pLnQaGe2bXJ1CrxIuDxFD7dgcYKmdSnPL8sQ-TcgUDYLLjTLoZ94Lk6o-pu0ZtNRiUQ
101304,0.015,GRANDMASTER,28.0,2026-02-14 05:01:20,8,Gagnez des parties d'ARAM en moins de 13minutes.,Pas le temps de niaiser,uuhMlNBPDT3pLnQaGe2bXJ1CrxIuDxFD7dgcYKmdSnPL8sQ-TcgUDYLLjTLoZ94Lk6o-pu0ZtNRiUQ
101307,0.041,DIAMOND,362.0,2026-02-23 22:07:32,6,Gagnez des parties d'ARAM.,Triomphe en ARAM,uuhMlNBPDT3pLnQaGe2bXJ1CrxIuDxFD7dgcYKmdSnPL8sQ-TcgUDYLLjTLoZ94Lk6o-pu0ZtNRiUQ
101306,0.009,MASTER,4.0,2026-01-23 17:08:13,7,Gagnez des parties d'ARAM sans être tué par un champion ennemi (vous faire exécuter reste possible).,Immortalité,uuhMlNBPDT3pLnQaGe2bXJ1CrxIuDxFD7dgcYKmdSnPL8sQ-TcgUDYLLjTLoZ94Lk6o-pu0ZtNRiUQ
203203,0.268,SILVER,163.0,2026-03-13 20:48:49,3,Subissez au moins trois compétences immobilisantes dans un même combat et survivez.,Inarrêtable,uuhMlNBPDT3pLnQaGe2bXJ1CrxIuDxFD7dgcYKmdSnPL8sQ-TcgUDYLLjTLoZ94Lk6o-pu0ZtNRiUQ
203201,0.25,BRONZE,2.0,2026-03-04 21:00:17,2,Subissez 10000pts de dégâts de champion avant mitigation dans un seul combat sans mourir.,Même pas mal,uuhMlNBPDT3pLnQaGe2bXJ1CrxIuDxFD7dgcYKmdSnPL8sQ-TcgUDYLLjTLoZ94Lk6o-pu0ZtNRiUQ
203200,0.264,SILVER,25.0,2026-03-13 21:29:05,3,Progressez dans les défis du groupe Béhémoth.,Béhémoth,uuhMlNBPDT3pLnQaGe2bXJ1CrxIuDxFD7dgcYKmdSnPL8sQ-TcgUDYLLjTLoZ94Lk6o-pu0ZtNRiUQ
301000,0.197,PLATINUM,620.0,2026-01-27 17:38:41,5,"Progressez dans les défis des groupes Chasse aux monstres, Immuable et Symbiose.",Détermination,uuhMlNBPDT3pLnQaGe2bXJ1CrxIuDxFD7dgcYKmdSnPL8sQ-TcgUDYLLjTLoZ94Lk6o-pu0ZtNRiUQ
600006,0.223,GOLD,85.0,2026-02-08 20:37:30,4,Augmentez votre niveau d'invocateur.,Vieux de la vieille,uuhMlNBPDT3pLnQaGe2bXJ1CrxIuDxFD7dgcYKmdSnPL8sQ-TcgUDYLLjTLoZ94Lk6o-pu0ZtNRiUQ
202202,0.256,BRONZE,11.0,2026-03-08 21:27:05,2,Détruisez le plus de balises de la partie (au moins une).,Héraut des ténèbres,uuhMlNBPDT3pLnQaGe2bXJ1CrxIuDxFD7dgcYKmdSnPL8sQ-TcgUDYLLjTLoZ94Lk6o-pu0ZtNRiUQ
202201,0.39,IRON,2.0,2026-01-24 19:52:26,1,Obtenez le score de contrôle de foule le plus élevé de la partie.,Foulogie,uuhMlNBPDT3pLnQaGe2bXJ1CrxIuDxFD7dgcYKmdSnPL8sQ-TcgUDYLLjTLoZ94Lk6o-pu0ZtNRiUQ
202200,0.425,IRON,20.0,2026-01-24 20:17:51,1,Progressez dans les défis du groupe Incomparable.,Incomparable,uuhMlNBPDT3pLnQaGe2bXJ1CrxIuDxFD7dgcYKmdSnPL8sQ-TcgUDYLLjTLoZ94Lk6o-pu0ZtNRiUQ
202204,0.411,IRON,5.0,2025-12-19 17:45:44,1,Infligez plus de 700pts de dégâts par minute.,DPM,uuhMlNBPDT3pLnQaGe2bXJ1CrxIuDxFD7dgcYKmdSnPL8sQ-TcgUDYLLjTLoZ94Lk6o-pu0ZtNRiUQ
402407,0.316,BRONZE,5404.0,2026-03-09 20:48:26,2,Tuez des sbires.,30 millions d'ennemis,uuhMlNBPDT3pLnQaGe2bXJ1CrxIuDxFD7dgcYKmdSnPL8sQ-TcgUDYLLjTLoZ94Lk6o-pu0ZtNRiUQ
402404,0.339,BRONZE,38.0,2026-01-19 21:45:22,2,Tuez des champions ennemis sous votre propre tourelle.,Bien essayé,uuhMlNBPDT3pLnQaGe2bXJ1CrxIuDxFD7dgcYKmdSnPL8sQ-TcgUDYLLjTLoZ94Lk6o-pu0ZtNRiUQ
402402,0.17,GOLD,1635.0,2026-03-14 16:00:53,4,"Posez des Balises camouflées utiles. Pour être utile, une balise doit augmenter votre score de vision.",Les balises sauvent la vie,uuhMlNBPDT3pLnQaGe2bXJ1CrxIuDxFD7dgcYKmdSnPL8sQ-TcgUDYLLjTLoZ94Lk6o-pu0ZtNRiUQ
402403,1.0,NONE,4.0,,0,"Posez des Balises de contrôle utiles. Pour être utile, une balise doit augmenter votre score de vision.",Contrôler les ténèbres,uuhMlNBPDT3pLnQaGe2bXJ1CrxIuDxFD7dgcYKmdSnPL8sQ-TcgUDYLLjTLoZ94Lk6o-pu0ZtNRiUQ
402400,0.309,SILVER,85.0,2026-02-12 22:22:13,3,Progressez dans les défis du groupe Débrouillardise.,Débrouillardise,uuhMlNBPDT3pLnQaGe2bXJ1CrxIuDxFD7dgcYKmdSnPL8sQ-TcgUDYLLjTLoZ94Lk6o-pu0ZtNRiUQ
402401,0.258,SILVER,178.0,2026-03-10 20:02:04,3,Détruisez des balises.,Fiat nox,uuhMlNBPDT3pLnQaGe2bXJ1CrxIuDxFD7dgcYKmdSnPL8sQ-TcgUDYLLjTLoZ94Lk6o-pu0ZtNRiUQ
402408,0.332,BRONZE,7033.0,2026-03-14 19:42:50,2,Récupérez des PO de prime à l'élimination de champions adverses.,Rends l'argent!,uuhMlNBPDT3pLnQaGe2bXJ1CrxIuDxFD7dgcYKmdSnPL8sQ-TcgUDYLLjTLoZ94Lk6o-pu0ZtNRiUQ
402409,0.278,SILVER,1021574.0,2026-02-12 21:46:22,3,Gagnez des PO.,Jour de paye,uuhMlNBPDT3pLnQaGe2bXJ1CrxIuDxFD7dgcYKmdSnPL8sQ-TcgUDYLLjTLoZ94Lk6o-pu0ZtNRiUQ
